vio,blu,grn,yel,org,red,UV,Ambient Light,Humidity,Temprature Air,Water Content,
Temprature Soil,EC,PH,Nitrogen Content,Phosphorus Content,Potassium Content,Tem
prature Soil 2,Soil Capacitance,Gas Ohms
6246.50439453125,5868.173828125,4611.84423828125,4006.7255859375,3303.149414062
5,2506.198486328125,2,2336,16.773414611816406,18.06812286376953,14.4,20.24,195,
8.4,94,24,66,21.39958445832,666,12535991.793939594