vio,blu,grn,yel,org,red,UV,Ambient Light,Humidity,Temprature Air,Water Content,
Temprature Soil,EC,PH,Nitrogen Content,Phosphorus Content,Potassium Content,Tem
prature Soil 2,Soil Capacitance,Gas Ohms
5169.22265625,3908.86865234375,2122.50244140625,2235.883544921875,2392.03393554
6875,2275.703857421875,1,1520,22.609329223632812,19.084739685058594,11.97,22.39
,275,8.3,110,36,77,23.44693126482,619,12535991.793939594