vio,blu,grn,yel,org,red,UV,Ambient Light,Humidity,Temprature Air,Water Content,
Temprature Soil,EC,PH,Nitrogen Content,Phosphorus Content,Potassium Content,Tem
prature Soil 2,Soil Capacitance,Gas Ohms
6380.4892578125,4658.98193359375,4702.779296875,3659.555908203125,3652.046875,2
450.294921875,2,2789,16.959476470947266,17.371177673339844,17.29,18.8,286,7.9,1
12,37,78,18.545704317360002,1015,12535991.793939594