vio,blu,grn,yel,org,red,UV,Ambient Light,Humidity,Temprature Air,Water Content,
Temprature Soil,EC,PH,Nitrogen Content,Phosphorus Content,Potassium Content,Tem
prature Soil 2,Soil Capacitance,Gas Ohms
6438.83740234375,5663.59765625,4564.31005859375,3858.46484375,3405.543212890625
,2531.14013671875,1,2291,16.387939453125,18.345260620117188,5.52,22.06,64,7.6,4
3,0,30,22.52252385486,1011,12535991.793939594